Player,Age,Team,Pos,MP,PTS,FG_Pct,ThreeP_Pct,FT_Pct,TRB,AST,STL,BLK,TOV,PPM
Luka Dončić,26.0,LAL,PG,2289.0,2143.0,0.476,0.366,0.78,495.0,530.0,105.0,34.0,255.0,0.936
Shai Gilgeous-Alexander,27.0,OKC,PG,2259.0,2117.0,0.553,0.386,0.879,292.0,448.0,95.0,52.0,151.0,0.937
Jaylen Brown,29.0,BOS,SF,2443.0,2038.0,0.477,0.347,0.795,492.0,364.0,72.0,27.0,259.0,0.834
Kevin Durant,37.0,HOU,SF,2840.0,2026.0,0.52,0.413,0.874,426.0,372.0,62.0,71.0,246.0,0.713
Tyrese Maxey,25.0,PHI,PG,2661.0,1980.0,0.462,0.367,0.892,290.0,461.0,130.0,55.0,171.0,0.744
Donovan Mitchell,29.0,CLE,SG,2342.0,1952.0,0.483,0.364,0.865,316.0,398.0,104.0,20.0,198.0,0.833
Jalen Brunson,29.0,NYK,PG,2590.0,1927.0,0.467,0.369,0.841,247.0,503.0,57.0,8.0,175.0,0.744
Jamal Murray,28.0,DEN,PG,2652.0,1905.0,0.483,0.435,0.887,330.0,535.0,66.0,29.0,171.0,0.718
Kawhi Leonard,34.0,LAC,SF,2085.0,1813.0,0.505,0.387,0.892,413.0,234.0,122.0,27.0,133.0,0.87
Nikola Jokić,30.0,DEN,C,2265.0,1799.0,0.569,0.38,0.831,836.0,697.0,92.0,53.0,243.0,0.794
Anthony Edwards,24.0,MIN,SG,2137.0,1757.0,0.489,0.399,0.796,302.0,226.0,83.0,49.0,174.0,0.822
Devin Booker,29.0,PHO,SG,2146.0,1668.0,0.456,0.33,0.873,248.0,386.0,51.0,18.0,201.0,0.777
Julius Randle,31.0,MIN,PF,2610.0,1667.0,0.481,0.315,0.802,532.0,398.0,86.0,18.0,217.0,0.639
Brandon Ingram,28.0,TOR,SF,2604.0,1655.0,0.477,0.382,0.82,430.0,284.0,58.0,55.0,187.0,0.636
James Harden,36.0,2TM,PG,2438.0,1652.0,0.434,0.375,0.884,336.0,557.0,79.0,28.0,245.0,0.678
Desmond Bane,27.0,ORL,SG,2756.0,1647.0,0.484,0.391,0.908,338.0,338.0,86.0,37.0,164.0,0.598
Nickeil Alexander-Walker,27.0,ATL,SG,2603.0,1624.0,0.459,0.399,0.902,268.0,286.0,102.0,42.0,162.0,0.624
Jalen Johnson,24.0,ATL,SF,2532.0,1621.0,0.489,0.352,0.788,740.0,566.0,89.0,31.0,244.0,0.64
Victor Wembanyama,22.0,SAS,C,1866.0,1600.0,0.512,0.349,0.827,736.0,199.0,66.0,197.0,155.0,0.857
Paolo Banchero,23.0,ORL,PF,2502.0,1599.0,0.459,0.305,0.775,604.0,373.0,51.0,40.0,222.0,0.639
Deni Avdija,25.0,POR,SF,2199.0,1598.0,0.462,0.318,0.802,454.0,442.0,51.0,41.0,253.0,0.727
Cade Cunningham,24.0,DET,PG,2172.0,1531.0,0.461,0.342,0.812,355.0,634.0,92.0,54.0,236.0,0.705
Karl-Anthony Towns,30.0,NYK,C,2322.0,1504.0,0.501,0.368,0.858,889.0,226.0,65.0,40.0,187.0,0.648
Kon Knueppel,20.0,CHO,SF,2551.0,1498.0,0.475,0.425,0.863,432.0,274.0,57.0,19.0,161.0,0.587
Pascal Siakam,31.0,IND,PF,2057.0,1485.0,0.484,0.358,0.693,411.0,236.0,69.0,25.0,138.0,0.722
Cooper Flagg,19.0,DAL,SF,2344.0,1473.0,0.468,0.295,0.827,466.0,316.0,84.0,64.0,161.0,0.628
Bam Adebayo,28.0,MIA,C,2365.0,1468.0,0.442,0.318,0.778,732.0,232.0,86.0,49.0,120.0,0.621
Alperen Şengün,23.0,HOU,C,2398.0,1466.0,0.519,0.305,0.691,640.0,445.0,85.0,77.0,227.0,0.611
Scottie Barnes,24.0,TOR,PF,2681.0,1448.0,0.507,0.304,0.815,600.0,474.0,114.0,116.0,210.0,0.54
LaMelo Ball,24.0,CHO,PG,2017.0,1445.0,0.407,0.368,0.899,347.0,514.0,87.0,17.0,202.0,0.716
Amen Thompson,23.0,HOU,PG,2953.0,1443.0,0.534,0.216,0.779,614.0,420.0,119.0,48.0,190.0,0.489
CJ McCollum,34.0,2TM,PG,2264.0,1424.0,0.455,0.375,0.772,252.0,293.0,64.0,35.0,135.0,0.629
Trey Murphy III,25.0,NOP,SF,2341.0,1420.0,0.47,0.379,0.886,377.0,250.0,99.0,24.0,120.0,0.607
DeMar DeRozan,36.0,SAC,PF,2406.0,1419.0,0.497,0.32,0.868,226.0,316.0,80.0,23.0,96.0,0.59
Jalen Duren,22.0,DET,C,1976.0,1365.0,0.65,,0.747,737.0,138.0,57.0,59.0,130.0,0.691
Payton Pritchard,28.0,BOS,PG,2556.0,1345.0,0.464,0.377,0.89,312.0,408.0,58.0,10.0,109.0,0.526
De'Aaron Fox,28.0,SAS,PG,2231.0,1336.0,0.486,0.332,0.76,270.0,445.0,89.0,19.0,164.0,0.599
Miles Bridges,27.0,CHO,PF,2387.0,1314.0,0.46,0.333,0.822,450.0,246.0,46.0,34.0,107.0,0.55
Brandon Miller,23.0,CHO,SF,1968.0,1311.0,0.435,0.383,0.892,319.0,217.0,66.0,44.0,163.0,0.666
Zion Williamson,25.0,NOP,PF,1841.0,1302.0,0.6,0.25,0.716,353.0,199.0,60.0,34.0,126.0,0.707
Ryan Rollins,23.0,MIL,PG,2376.0,1281.0,0.472,0.406,0.796,338.0,414.0,110.0,31.0,201.0,0.539
Keyonte George,22.0,UTA,PG,1786.0,1275.0,0.456,0.371,0.892,199.0,332.0,58.0,14.0,166.0,0.714
Saddiq Bey,26.0,NOP,SF,2246.0,1271.0,0.451,0.367,0.841,400.0,182.0,68.0,7.0,68.0,0.566
Derrick White,31.0,BOS,SG,2625.0,1267.0,0.394,0.327,0.902,339.0,414.0,88.0,98.0,134.0,0.483
Norman Powell,32.0,MIA,SG,1717.0,1261.0,0.47,0.38,0.827,203.0,143.0,64.0,14.0,111.0,0.734
Michael Porter Jr.,27.0,BRK,SF,1689.0,1259.0,0.463,0.363,0.859,367.0,158.0,55.0,13.0,122.0,0.745
LeBron James,41.0,LAL,SF,1989.0,1256.0,0.515,0.317,0.737,364.0,432.0,72.0,35.0,179.0,0.631
Matas Buzelis,21.0,CHI,PF,2248.0,1252.0,0.463,0.349,0.786,448.0,158.0,55.0,116.0,159.0,0.557
Jabari Smith Jr.,22.0,HOU,PF,2705.0,1215.0,0.45,0.363,0.775,529.0,143.0,56.0,71.0,105.0,0.449
VJ Edgecombe,20.0,PHI,SG,2623.0,1199.0,0.438,0.354,0.818,423.0,315.0,107.0,39.0,137.0,0.457
Austin Reaves,27.0,LAL,SG,1762.0,1187.0,0.49,0.36,0.871,240.0,280.0,56.0,20.0,151.0,0.674
Mikal Bridges,29.0,NYK,SF,2692.0,1181.0,0.49,0.371,0.827,312.0,304.0,107.0,62.0,83.0,0.439
Chet Holmgren,23.0,OKC,PF,1997.0,1181.0,0.557,0.362,0.792,615.0,115.0,43.0,131.0,107.0,0.591
Evan Mobley,24.0,CLE,PF,2074.0,1180.0,0.546,0.297,0.606,586.0,234.0,48.0,113.0,122.0,0.569
Jeremiah Fears,19.0,NOP,PG,2112.0,1169.0,0.434,0.33,0.789,300.0,279.0,97.0,30.0,178.0,0.554
Jaime Jaquez Jr.,24.0,MIA,SF,2121.0,1152.0,0.507,0.317,0.769,375.0,352.0,51.0,21.0,152.0,0.543
Immanuel Quickley,26.0,TOR,PG,2231.0,1150.0,0.443,0.374,0.821,282.0,415.0,92.0,5.0,102.0,0.515
Stephen Curry,37.0,GSW,PG,1329.0,1142.0,0.468,0.393,0.923,154.0,203.0,49.0,17.0,121.0,0.859
Stephon Castle,21.0,SAS,PG,2038.0,1133.0,0.471,0.332,0.734,362.0,502.0,78.0,19.0,217.0,0.556
Brandin Podziemski,22.0,GSW,SG,2333.0,1133.0,0.455,0.371,0.797,419.0,304.0,88.0,15.0,131.0,0.486
Dillon Brooks,30.0,PHO,SF,1702.0,1131.0,0.435,0.344,0.842,203.0,99.0,57.0,9.0,98.0,0.665
Naji Marshall,28.0,DAL,SF,2184.0,1128.0,0.51,0.291,0.76,348.0,241.0,82.0,6.0,119.0,0.516
Lauri Markkanen,28.0,UTA,PF,1443.0,1123.0,0.477,0.355,0.896,289.0,89.0,42.0,21.0,63.0,0.778
Onyeka Okongwu,25.0,ATL,C,2297.0,1123.0,0.48,0.376,0.757,562.0,231.0,82.0,79.0,127.0,0.489
OG Anunoby,28.0,NYK,PF,2224.0,1118.0,0.484,0.386,0.828,351.0,145.0,104.0,48.0,123.0,0.503
Brice Sensabaugh,22.0,UTA,SF,1762.0,1116.0,0.46,0.367,0.826,231.0,143.0,54.0,12.0,124.0,0.633
Reed Sheppard,21.0,HOU,SG,2147.0,1110.0,0.43,0.394,0.802,238.0,277.0,122.0,54.0,123.0,0.517
Toumani Camara,25.0,POR,PF,2731.0,1100.0,0.44,0.37,0.708,421.0,201.0,94.0,35.0,144.0,0.403
RJ Barrett,25.0,TOR,SF,1726.0,1098.0,0.491,0.339,0.717,300.0,189.0,42.0,19.0,99.0,0.636
Jaden McDaniels,25.0,MIN,PF,2316.0,1084.0,0.515,0.412,0.835,310.0,199.0,81.0,73.0,131.0,0.468
Keldon Johnson,26.0,SAS,SF,1911.0,1081.0,0.519,0.363,0.794,440.0,111.0,46.0,11.0,70.0,0.566
Tim Hardaway Jr.,33.0,DEN,SG,2127.0,1079.0,0.447,0.407,0.811,206.0,108.0,42.0,10.0,43.0,0.507
Jerami Grant,31.0,POR,PF,1695.0,1060.0,0.453,0.389,0.814,198.0,122.0,42.0,36.0,119.0,0.625
Collin Sexton,27.0,2TM,SG,1614.0,1050.0,0.485,0.401,0.855,155.0,223.0,76.0,10.0,141.0,0.651
Naz Reid,26.0,MIN,C,2007.0,1046.0,0.456,0.362,0.732,477.0,170.0,76.0,78.0,126.0,0.521
Andrew Wiggins,30.0,MIA,SF,2063.0,1045.0,0.475,0.414,0.784,329.0,182.0,76.0,69.0,103.0,0.507
Shaedon Sharpe,22.0,POR,SG,1471.0,1042.0,0.452,0.337,0.787,217.0,132.0,70.0,6.0,147.0,0.708
Ayo Dosunmu,26.0,2TM,SG,1881.0,1022.0,0.517,0.439,0.876,237.0,249.0,58.0,18.0,96.0,0.543
Joel Embiid,31.0,PHI,C,1201.0,1021.0,0.489,0.333,0.854,293.0,150.0,21.0,46.0,109.0,0.85
Collin Gillespie,26.0,PHO,PG,2282.0,1012.0,0.418,0.401,0.874,327.0,371.0,99.0,16.0,125.0,0.443
Quentin Grimes,25.0,PHI,SG,2206.0,1006.0,0.45,0.334,0.84,273.0,244.0,64.0,28.0,133.0,0.456
Donte DiVincenzo,29.0,MIN,SG,2494.0,1000.0,0.406,0.379,0.743,336.0,313.0,104.0,34.0,118.0,0.401
Giannis Antetokounmpo,31.0,MIL,PF,1039.0,993.0,0.624,0.333,0.65,352.0,196.0,34.0,24.0,115.0,0.956
Ace Bailey,19.0,UTA,SF,1988.0,993.0,0.443,0.344,0.75,302.0,131.0,60.0,49.0,107.0,0.499
Russell Westbrook,37.0,SAC,SF,1853.0,971.0,0.427,0.338,0.694,348.0,426.0,83.0,12.0,209.0,0.524
Andrew Nembhard,26.0,IND,PG,1786.0,966.0,0.442,0.361,0.825,160.0,437.0,51.0,8.0,137.0,0.541
Nikola Vučević,35.0,2TM,C,1818.0,965.0,0.493,0.369,0.828,537.0,213.0,39.0,41.0,85.0,0.531
Anthony Black,22.0,ORL,PG,1910.0,959.0,0.447,0.333,0.732,244.0,236.0,91.0,45.0,132.0,0.502
Bennedict Mathurin,23.0,2TM,SF,1620.0,949.0,0.43,0.315,0.869,293.0,129.0,43.0,13.0,118.0,0.586
Derik Queen,21.0,NOP,C,2023.0,948.0,0.473,0.261,0.795,572.0,298.0,84.0,74.0,190.0,0.469
Max Christie,22.0,DAL,SG,2244.0,945.0,0.441,0.404,0.899,249.0,151.0,47.0,27.0,96.0,0.421
Duncan Robinson,31.0,DET,SG,2113.0,939.0,0.456,0.41,0.755,205.0,159.0,44.0,22.0,54.0,0.444
John Collins,28.0,LAC,PF,1872.0,935.0,0.552,0.406,0.766,367.0,70.0,60.0,51.0,95.0,0.499
Donovan Clingan,21.0,POR,C,2094.0,934.0,0.52,0.341,0.68,892.0,162.0,44.0,130.0,95.0,0.446
Devin Vassell,25.0,SAS,SG,2044.0,932.0,0.437,0.384,0.815,269.0,167.0,57.0,25.0,60.0,0.456
Jaren Jackson Jr.,26.0,2TM,C,1454.0,931.0,0.476,0.357,0.803,272.0,94.0,53.0,69.0,107.0,0.64
Wendell Carter Jr.,26.0,ORL,C,2288.0,922.0,0.512,0.319,0.792,577.0,154.0,60.0,49.0,100.0,0.403
Maxime Raynaud,22.0,SAC,C,1964.0,922.0,0.571,0.324,0.786,556.0,100.0,38.0,39.0,94.0,0.469
Josh Giddey,23.0,CHI,PG,1731.0,919.0,0.448,0.364,0.763,448.0,494.0,55.0,27.0,196.0,0.531
Bobby Portis,30.0,MIL,PF,1619.0,915.0,0.488,0.456,0.706,428.0,105.0,41.0,12.0,66.0,0.565
Tre Jones,26.0,CHI,PG,1752.0,914.0,0.553,0.315,0.841,204.0,350.0,76.0,11.0,92.0,0.522
Julian Champagnie,24.0,SAS,SF,2266.0,911.0,0.437,0.381,0.844,473.0,127.0,62.0,38.0,69.0,0.402
Dyson Daniels,22.0,ATL,SG,2520.0,901.0,0.517,0.188,0.615,520.0,449.0,149.0,31.0,135.0,0.358
Deandre Ayton,27.0,LAL,C,1958.0,897.0,0.671,,0.645,575.0,59.0,41.0,70.0,83.0,0.458
Kyle Kuzma,30.0,MIL,PF,1806.0,896.0,0.492,0.347,0.726,313.0,184.0,46.0,28.0,119.0,0.496
Sandro Mamukelashvili,26.0,TOR,C,1751.0,893.0,0.523,0.389,0.747,395.0,151.0,64.0,41.0,67.0,0.51
Jarace Walker,22.0,IND,PF,1953.0,884.0,0.419,0.374,0.749,391.0,192.0,63.0,26.0,139.0,0.453
Kyle Filipowski,22.0,UTA,C,1801.0,879.0,0.492,0.325,0.75,552.0,198.0,73.0,39.0,125.0,0.488
Bub Carrington,20.0,WAS,PG,2271.0,878.0,0.424,0.408,0.73,276.0,381.0,52.0,17.0,191.0,0.387
Jaylon Tyson,23.0,CLE,SG,1777.0,872.0,0.493,0.446,0.738,338.0,147.0,54.0,28.0,99.0,0.491
Coby White,25.0,2TM,SG,1249.0,868.0,0.446,0.362,0.817,170.0,200.0,25.0,5.0,128.0,0.695
Jrue Holiday,35.0,POR,PG,1560.0,865.0,0.451,0.378,0.838,245.0,322.0,54.0,6.0,146.0,0.554
Jaylen Wells,22.0,MEM,SG,1821.0,865.0,0.431,0.353,0.784,220.0,111.0,61.0,9.0,74.0,0.475
Jarrett Allen,27.0,CLE,C,1519.0,860.0,0.638,0.1,0.709,476.0,100.0,55.0,47.0,75.0,0.566
Brandon Williams,26.0,DAL,PG,1463.0,859.0,0.472,0.232,0.793,191.0,256.0,62.0,20.0,125.0,0.587
Kel'el Ware,21.0,MIA,C,1704.0,851.0,0.53,0.395,0.74,694.0,56.0,59.0,84.0,62.0,0.499
Myles Turner,29.0,MIL,C,1912.0,846.0,0.44,0.383,0.74,378.0,103.0,50.0,115.0,83.0,0.442
Darius Garland,26.0,2TM,PG,1344.0,845.0,0.46,0.396,0.861,107.0,301.0,43.0,8.0,130.0,0.629
Cedric Coward,22.0,MEM,SG,1598.0,843.0,0.471,0.338,0.843,364.0,171.0,40.0,27.0,105.0,0.528
Grayson Allen,30.0,PHO,SG,1467.0,841.0,0.403,0.349,0.857,155.0,195.0,69.0,13.0,83.0,0.573
Tobias Harris,33.0,DET,PF,1746.0,836.0,0.469,0.368,0.866,323.0,157.0,58.0,26.0,63.0,0.479
Rudy Gobert,33.0,MIN,C,2380.0,829.0,0.682,0.0,0.526,872.0,128.0,58.0,124.0,106.0,0.348
Dylan Harper,19.0,SAS,SG,1558.0,813.0,0.505,0.343,0.756,234.0,266.0,54.0,24.0,99.0,0.522
Nic Claxton,26.0,BRK,C,1920.0,810.0,0.571,0.158,0.616,478.0,253.0,45.0,77.0,96.0,0.422
Klay Thompson,35.0,DAL,SF,1497.0,810.0,0.393,0.383,0.766,143.0,96.0,33.0,22.0,63.0,0.541
Noah Clowney,21.0,BRK,PF,1780.0,809.0,0.396,0.329,0.804,273.0,108.0,50.0,45.0,102.0,0.454
A.J. Green,26.0,MIL,SG,2270.0,809.0,0.424,0.419,0.855,213.0,152.0,39.0,8.0,75.0,0.356
Pelle Larsson,24.0,MIA,SG,1849.0,800.0,0.496,0.323,0.797,244.0,236.0,49.0,16.0,101.0,0.433
Cam Spencer,25.0,MEM,SG,1714.0,798.0,0.473,0.449,0.94,183.0,400.0,52.0,11.0,93.0,0.466
P.J. Washington,27.0,DAL,PF,1736.0,793.0,0.45,0.325,0.687,394.0,98.0,55.0,60.0,94.0,0.457
Josh Hart,30.0,NYK,SF,1994.0,792.0,0.508,0.413,0.72,486.0,317.0,75.0,17.0,128.0,0.397
Peyton Watson,23.0,DEN,SF,1598.0,789.0,0.491,0.411,0.73,264.0,111.0,50.0,61.0,93.0,0.494
Jalen Suggs,24.0,ORL,PG,1574.0,786.0,0.435,0.339,0.855,220.0,312.0,105.0,40.0,152.0,0.499
Isaiah Joe,26.0,OKC,SG,1507.0,785.0,0.455,0.423,0.894,181.0,94.0,50.0,11.0,45.0,0.521
Anfernee Simons,26.0,2TM,SG,1372.0,785.0,0.44,0.385,0.896,135.0,134.0,27.0,8.0,68.0,0.572
Jay Huff,27.0,IND,C,1719.0,783.0,0.476,0.319,0.828,324.0,121.0,41.0,153.0,76.0,0.455
Alex Sarr,20.0,WAS,C,1305.0,783.0,0.482,0.333,0.692,355.0,130.0,39.0,95.0,82.0,0.6
Rui Hachimura,27.0,LAL,PF,1927.0,780.0,0.514,0.443,0.694,226.0,57.0,39.0,21.0,42.0,0.405
Neemias Queta,26.0,BOS,C,1926.0,776.0,0.653,0.125,0.703,636.0,126.0,60.0,100.0,75.0,0.403
Ajay Mitchell,23.0,OKC,SG,1473.0,774.0,0.485,0.347,0.87,190.0,206.0,71.0,18.0,81.0,0.525
Malik Monk,27.0,SAC,SG,1364.0,772.0,0.438,0.395,0.879,117.0,185.0,37.0,24.0,91.0,0.566
Harrison Barnes,33.0,SAS,PF,1986.0,765.0,0.456,0.388,0.829,213.0,148.0,50.0,12.0,61.0,0.385
Royce O'Neale,32.0,PHO,SF,2213.0,765.0,0.421,0.408,0.711,372.0,208.0,84.0,32.0,103.0,0.346
Will Riley,19.0,WAS,SF,1633.0,764.0,0.439,0.316,0.8,212.0,146.0,54.0,9.0,94.0,0.468
Tristan Da Silva,24.0,ORL,SF,1899.0,762.0,0.45,0.374,0.884,284.0,124.0,68.0,25.0,69.0,0.401
Jimmy Butler,36.0,GSW,SF,1182.0,760.0,0.519,0.376,0.864,211.0,185.0,55.0,8.0,60.0,0.643
Dennis Schröder,32.0,2TM,PG,1697.0,756.0,0.405,0.329,0.834,190.0,341.0,55.0,11.0,124.0,0.445
Zach LaVine,30.0,SAC,SG,1224.0,748.0,0.479,0.39,0.88,108.0,89.0,28.0,10.0,74.0,0.611
Precious Achiuwa,26.0,SAC,C,1745.0,736.0,0.528,0.278,0.554,492.0,101.0,65.0,50.0,65.0,0.422
Tre Johnson,19.0,WAS,SG,1443.0,733.0,0.419,0.358,0.874,170.0,122.0,33.0,18.0,93.0,0.508
Moses Moody,23.0,GSW,SG,1540.0,728.0,0.44,0.401,0.77,200.0,98.0,58.0,34.0,57.0,0.473
Ausar Thompson,23.0,DET,SF,1896.0,721.0,0.525,0.25,0.571,418.0,228.0,146.0,69.0,110.0,0.38
Sam Hauser,28.0,BOS,PF,1934.0,719.0,0.419,0.393,0.85,300.0,114.0,38.0,23.0,35.0,0.372
Jock Landale,30.0,2TM,C,1506.0,718.0,0.515,0.383,0.635,387.0,115.0,35.0,36.0,60.0,0.477
Kyshawn George,22.0,WAS,SF,1391.0,710.0,0.438,0.381,0.802,245.0,214.0,48.0,43.0,125.0,0.51
Kelly Oubre Jr.,30.0,PHI,SF,1574.0,705.0,0.467,0.36,0.766,252.0,80.0,68.0,24.0,69.0,0.448
Mark Williams,24.0,PHO,C,1416.0,700.0,0.644,1.0,0.771,477.0,58.0,55.0,55.0,65.0,0.494
Franz Wagner,24.0,ORL,SF,1019.0,699.0,0.481,0.345,0.823,177.0,113.0,32.0,11.0,58.0,0.686
Kevin Huerter,27.0,2TM,SF,1549.0,693.0,0.451,0.308,0.775,240.0,178.0,63.0,33.0,72.0,0.447
Isaiah Collier,21.0,UTA,PG,1517.0,688.0,0.495,0.27,0.722,150.0,423.0,66.0,20.0,148.0,0.454
GG Jackson II,21.0,MEM,PF,1178.0,686.0,0.496,0.332,0.742,235.0,81.0,31.0,44.0,85.0,0.582
Tyler Herro,26.0,MIA,SG,1033.0,677.0,0.48,0.378,0.917,158.0,136.0,23.0,12.0,64.0,0.655
Ivica Zubac,28.0,2TM,C,1446.0,677.0,0.598,,0.711,509.0,105.0,18.0,40.0,86.0,0.468
Jake LaRavia,24.0,LAL,PF,2061.0,674.0,0.459,0.321,0.763,326.0,145.0,104.0,38.0,87.0,0.327
Daniss Jenkins,24.0,DET,PG,1455.0,671.0,0.408,0.374,0.832,166.0,278.0,64.0,15.0,115.0,0.461
Sam Merrill,29.0,CLE,SG,1377.0,663.0,0.461,0.421,0.855,133.0,125.0,33.0,7.0,42.0,0.481
Kevin Porter Jr.,25.0,MIL,PG,1261.0,661.0,0.465,0.322,0.878,198.0,280.0,83.0,19.0,110.0,0.524
Cameron Johnson,29.0,DEN,SF,1647.0,660.0,0.48,0.43,0.839,206.0,132.0,40.0,21.0,47.0,0.401
Cason Wallace,22.0,OKC,SG,2046.0,660.0,0.432,0.351,0.809,238.0,200.0,150.0,28.0,73.0,0.323
Bilal Coulibaly,21.0,WAS,SG,1468.0,657.0,0.425,0.319,0.746,243.0,145.0,75.0,54.0,81.0,0.448
Davion Mitchell,27.0,MIA,PG,2000.0,654.0,0.49,0.395,0.646,186.0,453.0,68.0,11.0,108.0,0.327
Luke Kennard,29.0,2TM,SG,1681.0,652.0,0.533,0.478,0.913,182.0,174.0,55.0,8.0,60.0,0.388
Bruce Brown,29.0,DEN,SG,1998.0,649.0,0.475,0.385,0.762,318.0,174.0,85.0,20.0,91.0,0.325
Nique Clifford,23.0,SAC,SG,1882.0,645.0,0.418,0.333,0.722,282.0,179.0,68.0,24.0,116.0,0.343
Paul George,35.0,PHI,PF,1135.0,641.0,0.439,0.392,0.82,196.0,133.0,62.0,16.0,64.0,0.565
Zaccharie Risacher,20.0,ATL,SF,1503.0,641.0,0.455,0.368,0.644,257.0,76.0,59.0,36.0,58.0,0.426
Ron Holland,20.0,DET,SF,1551.0,640.0,0.432,0.253,0.805,315.0,95.0,92.0,27.0,96.0,0.413
Khris Middleton,34.0,2TM,SF,1439.0,640.0,0.42,0.36,0.875,231.0,176.0,41.0,9.0,108.0,0.445
Brook Lopez,37.0,LAC,C,1635.0,634.0,0.428,0.36,0.757,273.0,97.0,45.0,87.0,61.0,0.388
Tari Eason,24.0,HOU,PF,1549.0,627.0,0.416,0.358,0.776,376.0,90.0,72.0,28.0,81.0,0.405
Marvin Bagley III,26.0,2TM,PF,1201.0,627.0,0.618,0.462,0.66,366.0,85.0,28.0,43.0,61.0,0.522
Gui Santos,23.0,GSW,PF,1395.0,625.0,0.5,0.351,0.725,266.0,159.0,61.0,22.0,102.0,0.448
Jordan Clarkson,33.0,NYK,SG,1279.0,622.0,0.451,0.327,0.83,127.0,96.0,30.0,9.0,63.0,0.486
Aaron Nesmith,26.0,IND,SF,1335.0,621.0,0.414,0.379,0.829,187.0,86.0,26.0,23.0,63.0,0.465
De'Andre Hunter,28.0,2TM,SF,1176.0,615.0,0.415,0.305,0.867,185.0,90.0,30.0,6.0,75.0,0.523
Aaron Wiggins,27.0,OKC,SG,1414.0,611.0,0.431,0.356,0.736,199.0,109.0,60.0,28.0,81.0,0.432
Jordan Goodwin,27.0,PHO,PG,1572.0,609.0,0.413,0.371,0.696,341.0,151.0,106.0,14.0,68.0,0.387
Bones Hyland,25.0,MIN,PG,1177.0,604.0,0.453,0.388,0.78,127.0,188.0,44.0,17.0,70.0,0.513
Santi Aldama,25.0,MEM,PF,1198.0,602.0,0.479,0.35,0.667,287.0,126.0,37.0,31.0,55.0,0.503
De'Anthony Melton,27.0,GSW,PG,1125.0,602.0,0.407,0.294,0.826,158.0,125.0,77.0,20.0,91.0,0.535
Jordan Miller,26.0,LAC,SF,1325.0,598.0,0.531,0.345,0.777,182.0,136.0,45.0,11.0,63.0,0.451
Justin Champagnie,24.0,WAS,SF,1377.0,597.0,0.502,0.319,0.784,384.0,84.0,59.0,43.0,45.0,0.434
Simone Fontecchio,30.0,MIA,SF,1173.0,597.0,0.412,0.375,0.843,211.0,101.0,37.0,9.0,49.0,0.509
Kris Dunn,31.0,LAC,PG,2230.0,596.0,0.476,0.374,0.765,271.0,295.0,131.0,14.0,111.0,0.267
Cody Williams,21.0,UTA,SG,1631.0,588.0,0.468,0.214,0.706,198.0,137.0,51.0,26.0,73.0,0.361
Isaac Okoro,25.0,CHI,SG,1695.0,584.0,0.46,0.33,0.795,173.0,100.0,46.0,29.0,46.0,0.345
Aaron Gordon,30.0,DEN,PF,1005.0,582.0,0.497,0.389,0.767,209.0,96.0,21.0,10.0,38.0,0.579
Isaiah Stewart,24.0,DET,C,1317.0,581.0,0.55,0.333,0.756,290.0,66.0,16.0,93.0,67.0,0.441
Marcus Smart,31.0,LAL,SG,1769.0,579.0,0.395,0.331,0.822,172.0,185.0,87.0,23.0,92.0,0.327
Luguentz Dort,26.0,OKC,SF,1849.0,576.0,0.385,0.344,0.759,245.0,85.0,62.0,27.0,54.0,0.312
Moussa Diabaté,24.0,CHO,C,1899.0,575.0,0.631,0.5,0.659,635.0,141.0,56.0,72.0,73.0,0.303
Ziaire Williams,24.0,BRK,SF,1281.0,573.0,0.425,0.343,0.85,134.0,60.0,76.0,21.0,59.0,0.447
Draymond Green,35.0,GSW,PF,1869.0,570.0,0.418,0.326,0.702,375.0,376.0,61.0,42.0,181.0,0.305
Javonte Green,32.0,DET,SG,1446.0,569.0,0.447,0.381,0.84,230.0,56.0,102.0,25.0,45.0,0.393
Jalen Green,23.0,PHO,SG,828.0,568.0,0.422,0.313,0.747,116.0,91.0,34.0,8.0,72.0,0.686
Jonas Valančiūnas,33.0,DEN,C,871.0,567.0,0.582,0.308,0.772,329.0,78.0,14.0,37.0,73.0,0.651
Cam Thomas,24.0,2TM,SG,881.0,567.0,0.41,0.31,0.811,71.0,108.0,9.0,4.0,74.0,0.644
Jalen Williams,24.0,OKC,SG,936.0,563.0,0.484,0.299,0.837,152.0,181.0,39.0,9.0,63.0,0.601
Jared McCain,21.0,2TM,SG,1160.0,558.0,0.425,0.385,0.864,137.0,90.0,35.0,5.0,56.0,0.481
Luka Garza,27.0,BOS,C,1118.0,557.0,0.577,0.433,0.769,281.0,66.0,27.0,28.0,46.0,0.498
Vít Krejčí,25.0,2TM,PG,1392.0,550.0,0.448,0.39,0.745,148.0,100.0,47.0,18.0,41.0,0.395
Gary Payton II,33.0,GSW,SG,1142.0,547.0,0.583,0.291,0.65,265.0,123.0,67.0,21.0,62.0,0.479
Dominick Barlow,22.0,PHI,PF,1689.0,545.0,0.539,0.256,0.718,340.0,87.0,63.0,53.0,56.0,0.323
Jamal Shead,23.0,TOR,PG,1852.0,545.0,0.367,0.321,0.784,143.0,444.0,76.0,15.0,112.0,0.294
Jalen Smith,25.0,CHI,C,1095.0,541.0,0.483,0.373,0.742,355.0,65.0,24.0,42.0,53.0,0.494
Ja'Kobe Walter,21.0,TOR,SG,1474.0,541.0,0.446,0.409,0.789,185.0,86.0,73.0,14.0,37.0,0.367
Day'Ron Sharpe,24.0,BRK,C,1160.0,540.0,0.601,0.231,0.678,413.0,145.0,67.0,26.0,106.0,0.466
Walter Clayton,22.0,2TM,PG,1410.0,538.0,0.384,0.307,0.901,139.0,279.0,44.0,19.0,116.0,0.382
Egor Dёmin,19.0,BRK,PG,1308.0,536.0,0.399,0.385,0.831,165.0,173.0,42.0,17.0,86.0,0.41
Kristaps Porziņģis,30.0,2TM,C,769.0,533.0,0.446,0.338,0.842,167.0,81.0,18.0,38.0,41.0,0.693
Corey Kispert,26.0,2TM,SF,1080.0,532.0,0.467,0.367,0.794,132.0,92.0,16.0,9.0,45.0,0.493
Oso Ighodaro,23.0,PHO,PF,1808.0,531.0,0.653,0.0,0.453,418.0,185.0,73.0,57.0,101.0,0.294
Olivier-Maxence Prosper,23.0,MEM,PF,984.0,530.0,0.549,0.405,0.754,187.0,51.0,40.0,13.0,47.0,0.539
Gary Trent Jr.,27.0,MIL,SG,1377.0,529.0,0.387,0.36,0.769,67.0,79.0,34.0,3.0,41.0,0.384
Christian Braun,24.0,DEN,SG,1399.0,526.0,0.519,0.301,0.782,211.0,120.0,30.0,12.0,43.0,0.376
T.J. McConnell,33.0,IND,PG,963.0,525.0,0.538,0.32,0.862,124.0,287.0,56.0,10.0,64.0,0.545
Daniel Gafford,27.0,DAL,C,1195.0,524.0,0.655,,0.683,378.0,58.0,42.0,69.0,63.0,0.438
Jordan Poole,26.0,NOP,PG,933.0,524.0,0.372,0.333,0.86,77.0,119.0,22.0,15.0,69.0,0.562
Jaden Hardy,23.0,2TM,SG,898.0,523.0,0.424,0.397,0.733,86.0,58.0,16.0,6.0,62.0,0.582
Ryan Kalkbrenner,24.0,CHO,C,1479.0,521.0,0.753,0.0,0.716,377.0,54.0,32.0,101.0,62.0,0.352
Quinten Post,25.0,GSW,PF,1159.0,513.0,0.44,0.336,0.791,269.0,94.0,26.0,35.0,56.0,0.443
Jose Alvarado,27.0,2TM,PG,1370.0,510.0,0.416,0.352,0.761,171.0,234.0,66.0,8.0,77.0,0.372
Caleb Love,24.0,POR,SG,1013.0,509.0,0.388,0.318,0.735,114.0,123.0,27.0,4.0,62.0,0.502
Danny Wolf,21.0,BRK,PF,1187.0,508.0,0.405,0.322,0.771,281.0,127.0,30.0,32.0,73.0,0.428
Patrick Williams,24.0,CHI,PF,1474.0,505.0,0.372,0.347,0.72,215.0,105.0,49.0,26.0,75.0,0.343
Derrick Jones Jr.,28.0,LAC,SF,1350.0,504.0,0.499,0.359,0.763,173.0,69.0,45.0,50.0,40.0,0.373
Paul Reed,26.0,DET,C,901.0,504.0,0.617,0.325,0.664,294.0,80.0,57.0,60.0,58.0,0.559
Nolan Traoré,19.0,BRK,PG,1243.0,499.0,0.38,0.318,0.787,99.0,213.0,45.0,23.0,129.0,0.401
Jaxson Hayes,25.0,LAL,C,1207.0,497.0,0.756,1.0,0.653,271.0,59.0,29.0,52.0,31.0,0.412
Herbert Jones,27.0,NOP,SF,1588.0,496.0,0.383,0.309,0.806,190.0,155.0,88.0,27.0,73.0,0.312
Kobe Sanders,23.0,LAC,SG,1351.0,495.0,0.466,0.408,0.826,153.0,109.0,49.0,10.0,81.0,0.366
Jakob Poeltl,30.0,TOR,C,1149.0,493.0,0.7,,0.602,323.0,93.0,40.0,32.0,57.0,0.429
Miles McBride,25.0,NYK,SG,1080.0,491.0,0.423,0.413,0.787,100.0,106.0,35.0,9.0,33.0,0.455
Collin Murray-Boyles,20.0,TOR,PF,1246.0,484.0,0.579,0.34,0.657,285.0,106.0,52.0,53.0,59.0,0.388
Keon Ellis,26.0,2TM,SG,1478.0,480.0,0.44,0.363,0.729,135.0,72.0,83.0,46.0,41.0,0.325
Pat Spencer,29.0,GSW,PG,1229.0,476.0,0.427,0.357,0.772,158.0,232.0,48.0,5.0,85.0,0.387
Landry Shamet,28.0,NYK,SG,1171.0,475.0,0.437,0.392,0.711,92.0,72.0,31.0,9.0,30.0,0.406
Svi Mykhailiuk,28.0,UTA,SF,1156.0,469.0,0.478,0.408,0.893,124.0,93.0,26.0,3.0,42.0,0.406
Jaylin Williams,23.0,OKC,PF,1277.0,469.0,0.423,0.383,0.793,358.0,158.0,31.0,42.0,67.0,0.367
Ben Sheppard,24.0,IND,SG,1390.0,459.0,0.434,0.362,0.765,195.0,114.0,39.0,6.0,41.0,0.33
Micah Potter,27.0,IND,C,908.0,458.0,0.515,0.423,0.842,233.0,69.0,22.0,15.0,47.0,0.504
Gradey Dick,22.0,TOR,SG,1067.0,455.0,0.419,0.301,0.875,147.0,51.0,45.0,7.0,43.0,0.426
Terance Mann,29.0,BRK,SG,1529.0,455.0,0.457,0.364,0.788,200.0,190.0,41.0,15.0,71.0,0.298
Quenton Jackson,27.0,IND,PG,897.0,448.0,0.47,0.356,0.824,114.0,140.0,31.0,6.0,62.0,0.499
Jusuf Nurkić,31.0,UTA,C,1083.0,447.0,0.503,0.352,0.549,425.0,196.0,52.0,22.0,101.0,0.413
Luke Kornet,30.0,SAS,C,1430.0,444.0,0.643,,0.825,414.0,126.0,32.0,65.0,28.0,0.31
Caris LeVert,31.0,DET,SG,1154.0,443.0,0.417,0.333,0.679,117.0,159.0,51.0,41.0,82.0,0.384
Sion James,23.0,CHO,SG,1843.0,441.0,0.371,0.352,0.837,287.0,163.0,52.0,20.0,65.0,0.239
Will Richard,23.0,GSW,SG,1377.0,441.0,0.468,0.335,0.852,172.0,93.0,80.0,9.0,53.0,0.32
Tristan Vukcevic,22.0,WAS,C,671.0,441.0,0.479,0.347,0.784,147.0,55.0,23.0,33.0,62.0,0.657
Taylor Hendricks,22.0,2TM,PF,1118.0,438.0,0.459,0.342,0.681,221.0,55.0,50.0,30.0,50.0,0.392
Jonathan Kuminga,23.0,2TM,PF,830.0,438.0,0.463,0.333,0.724,202.0,83.0,22.0,11.0,67.0,0.528
Isaiah Hartenstein,27.0,OKC,C,1137.0,432.0,0.622,0.0,0.61,443.0,166.0,48.0,36.0,82.0,0.38
Ousmane Dieng,22.0,2TM,C,1099.0,431.0,0.422,0.341,0.711,180.0,136.0,25.0,17.0,75.0,0.392
Kentavious Caldwell-Pope,32.0,MEM,SG,1088.0,428.0,0.41,0.316,0.913,125.0,139.0,43.0,8.0,61.0,0.393
Scoot Henderson,21.0,POR,PG,748.0,427.0,0.418,0.352,0.84,80.0,112.0,27.0,9.0,73.0,0.571
Baylor Scheierman,25.0,BOS,SG,1429.0,427.0,0.453,0.399,0.903,269.0,116.0,42.0,6.0,46.0,0.299
Julian Strawther,23.0,DEN,SG,861.0,413.0,0.467,0.387,0.814,114.0,61.0,25.0,6.0,36.0,0.48
Rob Dillingham,21.0,2TM,PG,970.0,409.0,0.396,0.316,0.745,131.0,143.0,47.0,6.0,100.0,0.422
Drake Powell,20.0,BRK,SG,1320.0,408.0,0.402,0.28,0.896,111.0,91.0,36.0,14.0,60.0,0.309
Anthony Davis,32.0,DAL,PF,626.0,407.0,0.506,0.27,0.728,221.0,56.0,22.0,33.0,41.0,0.65
Ryan Dunn,23.0,PHO,SF,1355.0,407.0,0.453,0.331,0.489,297.0,102.0,60.0,29.0,56.0,0.3
Andre Drummond,32.0,PHI,C,1231.0,403.0,0.472,0.356,0.631,532.0,80.0,38.0,49.0,61.0,0.327
Ryan Nembhard,22.0,DAL,PG,1171.0,397.0,0.415,0.356,0.806,133.0,316.0,25.0,2.0,85.0,0.339
Robert Williams,28.0,POR,C,1008.0,397.0,0.708,0.391,0.596,415.0,60.0,35.0,87.0,49.0,0.394
Javon Small,23.0,MEM,PG,830.0,396.0,0.465,0.423,0.829,128.0,151.0,34.0,9.0,56.0,0.477
Dru Smith,28.0,MIA,SG,1141.0,395.0,0.415,0.295,0.829,173.0,180.0,100.0,21.0,55.0,0.346
Buddy Hield,33.0,2TM,SG,819.0,390.0,0.437,0.349,0.811,116.0,71.0,39.0,9.0,48.0,0.476
Ja Morant,26.0,MEM,PG,569.0,389.0,0.41,0.235,0.897,65.0,161.0,20.0,6.0,71.0,0.684
Justin Edwards,22.0,PHI,SF,977.0,386.0,0.447,0.372,0.846,94.0,80.0,54.0,11.0,36.0,0.395
Sidy Cissoko,21.0,POR,SF,1435.0,383.0,0.398,0.298,0.659,166.0,110.0,52.0,25.0,70.0,0.267
Yves Missi,21.0,NOP,C,1297.0,377.0,0.544,0.0,0.559,385.0,84.0,20.0,101.0,54.0,0.291
Goga Bitadze,26.0,ORL,C,972.0,375.0,0.676,0.182,0.711,320.0,84.0,37.0,61.0,43.0,0.386
Nae'Qwan Tomlin,25.0,CLE,PF,1004.0,374.0,0.478,0.235,0.77,186.0,53.0,41.0,34.0,29.0,0.373
Guerschon Yabusele,30.0,2TM,C,1007.0,373.0,0.401,0.352,0.75,234.0,63.0,26.0,16.0,41.0,0.37
Al Horford,39.0,GSW,C,969.0,372.0,0.426,0.361,0.846,219.0,116.0,30.0,51.0,42.0,0.384
Thomas Bryant,28.0,CLE,C,732.0,370.0,0.506,0.359,0.803,205.0,33.0,18.0,26.0,28.0,0.505
Isaiah Jackson,24.0,2TM,C,908.0,370.0,0.637,0.0,0.648,290.0,52.0,36.0,49.0,58.0,0.407
Jamir Watkins,24.0,WAS,SG,1032.0,368.0,0.446,0.297,0.695,194.0,67.0,54.0,25.0,40.0,0.357
Jordan Walsh,21.0,BOS,PF,1212.0,364.0,0.509,0.384,0.772,272.0,54.0,49.0,31.0,35.0,0.3
Josh Minott,23.0,2TM,PF,834.0,364.0,0.5,0.418,0.787,158.0,46.0,44.0,24.0,43.0,0.436
Kenrich Williams,31.0,OKC,PF,855.0,363.0,0.473,0.388,0.635,187.0,79.0,31.0,5.0,43.0,0.425
Leonard Miller,22.0,2TM,SF,719.0,361.0,0.553,0.323,0.736,181.0,40.0,17.0,15.0,36.0,0.502
Josh Okogie,27.0,HOU,SG,1354.0,353.0,0.425,0.385,0.594,200.0,69.0,63.0,16.0,41.0,0.261
Kobe Brown,26.0,2TM,PF,963.0,353.0,0.469,0.374,0.797,185.0,80.0,23.0,12.0,53.0,0.367
Spencer Jones,24.0,DEN,SF,1417.0,352.0,0.504,0.396,0.608,209.0,51.0,52.0,29.0,31.0,0.248
Karlo Matković,24.0,NOP,PF,912.0,352.0,0.604,0.422,0.732,229.0,50.0,25.0,54.0,34.0,0.386
Alex Caruso,31.0,OKC,SG,1020.0,348.0,0.423,0.293,0.804,155.0,110.0,72.0,17.0,48.0,0.341
Jayson Tatum,27.0,BOS,PF,522.0,348.0,0.411,0.329,0.823,160.0,85.0,22.0,3.0,39.0,0.667
Trendon Watford,25.0,PHI,PF,864.0,346.0,0.515,0.2,0.779,175.0,132.0,16.0,22.0,64.0,0.4
Adem Bona,22.0,PHI,C,1234.0,344.0,0.595,0.333,0.708,307.0,32.0,30.0,82.0,56.0,0.279
Nikola Jović,22.0,MIA,PF,808.0,344.0,0.366,0.269,0.683,153.0,102.0,26.0,17.0,65.0,0.426
Daeqwon Plowden,27.0,SAC,SG,844.0,344.0,0.43,0.333,0.857,97.0,41.0,23.0,7.0,26.0,0.408
Jalen Wilson,25.0,BRK,PF,859.0,343.0,0.396,0.355,0.719,114.0,50.0,22.0,2.0,38.0,0.399
Mouhamed Gueye,23.0,ATL,PF,1179.0,342.0,0.452,0.308,0.645,275.0,69.0,61.0,39.0,33.0,0.29
Dean Wade,29.0,CLE,PF,1318.0,342.0,0.439,0.362,0.711,247.0,88.0,44.0,23.0,16.0,0.259
Bryce McGowens,23.0,NOP,SG,880.0,340.0,0.481,0.409,0.779,88.0,62.0,27.0,9.0,17.0,0.386
Mitchell Robinson,27.0,NYK,C,1175.0,340.0,0.723,,0.408,525.0,52.0,56.0,70.0,41.0,0.289
Devin Carter,23.0,SAC,PG,700.0,339.0,0.414,0.263,0.713,125.0,101.0,34.0,9.0,54.0,0.484
Jevon Carter,30.0,2TM,PG,867.0,339.0,0.401,0.363,0.789,89.0,87.0,40.0,10.0,36.0,0.391
Jericho Sims,27.0,MIL,C,1318.0,334.0,0.784,,0.62,370.0,104.0,19.0,17.0,75.0,0.253
Sharife Cooper,24.0,WAS,PG,700.0,333.0,0.514,0.382,0.833,86.0,124.0,16.0,5.0,61.0,0.476
Ben Saraf,19.0,BRK,SG,916.0,332.0,0.396,0.211,0.83,92.0,145.0,38.0,8.0,99.0,0.362
Rayan Rupert,21.0,2TM,SG,1072.0,332.0,0.393,0.324,0.778,188.0,68.0,55.0,9.0,55.0,0.31
Kris Murray,25.0,POR,SF,1333.0,331.0,0.467,0.279,0.684,206.0,81.0,51.0,22.0,47.0,0.248
Kasparas Jakučionis,19.0,MIA,PG,945.0,328.0,0.429,0.423,0.879,138.0,137.0,33.0,7.0,50.0,0.347
Anthony Gill,33.0,WAS,PF,951.0,321.0,0.628,0.354,0.739,158.0,69.0,31.0,21.0,36.0,0.338
Keegan Murray,25.0,SAC,PF,793.0,321.0,0.42,0.277,0.776,132.0,38.0,24.0,36.0,27.0,0.405
Jaden Ivey,23.0,2TM,SG,670.0,316.0,0.445,0.373,0.809,91.0,68.0,23.0,14.0,41.0,0.472
Ochai Agbaji,25.0,2TM,SG,973.0,314.0,0.436,0.266,0.837,141.0,47.0,24.0,17.0,31.0,0.323
Aaron Holiday,29.0,HOU,PG,781.0,312.0,0.417,0.394,0.854,58.0,60.0,27.0,5.0,38.0,0.399
Jett Howard,22.0,ORL,SF,695.0,301.0,0.418,0.372,0.949,87.0,45.0,10.0,11.0,15.0,0.433
Domantas Sabonis,29.0,SAC,C,564.0,301.0,0.543,0.185,0.727,216.0,78.0,18.0,4.0,51.0,0.534
Vince Williams Jr.,25.0,2TM,SG,820.0,300.0,0.353,0.311,0.78,155.0,166.0,29.0,16.0,70.0,0.366
Carter Bryant,20.0,SAS,PF,818.0,298.0,0.408,0.335,0.714,178.0,47.0,16.0,23.0,33.0,0.364
Ty Jerome,28.0,MEM,SG,339.0,295.0,0.474,0.42,0.875,42.0,85.0,16.0,4.0,27.0,0.87
Nicolas Batum,37.0,LAC,PF,1295.0,293.0,0.403,0.404,0.818,184.0,64.0,47.0,23.0,37.0,0.226
Tre Mann,24.0,CHO,PG,669.0,291.0,0.36,0.323,0.852,92.0,86.0,25.0,5.0,54.0,0.435
Tyrese Martin,26.0,2TM,SG,777.0,290.0,0.394,0.321,0.679,116.0,78.0,25.0,6.0,40.0,0.373
Hugo González,19.0,BOS,SF,1084.0,289.0,0.476,0.362,0.5,246.0,40.0,42.0,21.0,38.0,0.267
Craig Porter Jr.,25.0,CLE,PG,1148.0,289.0,0.45,0.355,0.6,220.0,205.0,57.0,38.0,59.0,0.252
Jarred Vanderbilt,26.0,LAL,PF,1128.0,288.0,0.471,0.293,0.589,292.0,84.0,55.0,19.0,56.0,0.255
Clint Capela,31.0,HOU,C,926.0,282.0,0.52,0.5,0.577,345.0,50.0,36.0,63.0,41.0,0.305
Obi Toppin,27.0,IND,PF,424.0,279.0,0.503,0.352,0.913,106.0,55.0,12.0,1.0,28.0,0.658
Jabari Walker,23.0,PHI,PF,762.0,276.0,0.455,0.337,0.735,192.0,34.0,23.0,13.0,27.0,0.362
Nick Richards,28.0,2TM,C,701.0,276.0,0.512,0.278,0.644,243.0,16.0,10.0,32.0,59.0,0.394
Jaylen Clark,24.0,MIN,SG,888.0,275.0,0.434,0.327,0.657,120.0,43.0,47.0,9.0,23.0,0.31
Tyler Kolek,24.0,NYK,PG,727.0,274.0,0.435,0.386,0.7,98.0,170.0,22.0,4.0,55.0,0.377
Tyrese Proctor,21.0,CLE,PG,545.0,272.0,0.413,0.351,0.889,64.0,74.0,25.0,0.0,40.0,0.499
Trae Young,27.0,2TM,PG,384.0,269.0,0.458,0.338,0.825,30.0,120.0,13.0,2.0,39.0,0.701
Kyle Anderson,32.0,3TM,SF,853.0,266.0,0.53,0.364,0.706,150.0,126.0,45.0,26.0,39.0,0.312
D'Angelo Russell,29.0,DAL,PG,495.0,264.0,0.405,0.295,0.717,61.0,104.0,12.0,2.0,49.0,0.533
Jamaree Bouyea,26.0,PHO,PG,644.0,263.0,0.458,0.295,0.686,82.0,82.0,29.0,16.0,30.0,0.408
Micah Peavy,24.0,NOP,SG,913.0,262.0,0.385,0.259,0.759,117.0,61.0,43.0,9.0,20.0,0.287
Jalen Pickett,26.0,DEN,SG,807.0,260.0,0.422,0.386,0.789,114.0,115.0,13.0,5.0,34.0,0.322
Jordan Hawkins,23.0,NOP,SG,692.0,258.0,0.366,0.348,0.852,88.0,42.0,13.0,10.0,34.0,0.373
Pete Nance,25.0,MIL,PF,737.0,254.0,0.515,0.42,0.364,125.0,48.0,14.0,14.0,26.0,0.345
Grant Williams,27.0,CHO,PF,711.0,252.0,0.426,0.388,0.815,142.0,56.0,17.0,18.0,31.0,0.354
Josh Green,25.0,CHO,SG,908.0,249.0,0.459,0.42,0.893,102.0,47.0,35.0,6.0,35.0,0.274
Kevin Love,37.0,UTA,PF,613.0,248.0,0.397,0.373,0.841,215.0,67.0,14.0,9.0,30.0,0.405
John Konchar,29.0,2TM,SG,1115.0,248.0,0.472,0.283,0.727,240.0,118.0,83.0,38.0,35.0,0.222
Moritz Wagner,28.0,ORL,C,427.0,247.0,0.426,0.314,0.819,115.0,27.0,15.0,2.0,19.0,0.578
Mohamed Diawara,20.0,NYK,SF,634.0,246.0,0.423,0.369,0.75,94.0,53.0,17.0,6.0,30.0,0.388
Mike Conley,38.0,MIN,PG,991.0,245.0,0.335,0.337,0.9,93.0,157.0,35.0,14.0,34.0,0.247
Branden Carlson,26.0,OKC,C,488.0,242.0,0.527,0.36,0.577,124.0,29.0,8.0,27.0,16.0,0.496
Terrence Shannon Jr.,25.0,MIN,SG,538.0,241.0,0.45,0.408,0.8,49.0,38.0,14.0,1.0,24.0,0.448
Taurean Prince,31.0,MIL,SF,611.0,239.0,0.45,0.436,1.0,81.0,46.0,16.0,6.0,31.0,0.391
Jase Richardson,20.0,ORL,SG,587.0,239.0,0.473,0.354,0.717,63.0,58.0,19.0,2.0,25.0,0.407
Dylan Cardwell,24.0,SAC,C,907.0,238.0,0.587,0.5,0.51,332.0,62.0,30.0,67.0,39.0,0.262
Rasheer Fleming,21.0,PHO,PF,673.0,238.0,0.405,0.346,0.559,124.0,16.0,22.0,21.0,29.0,0.354
Cole Anthony,25.0,MIL,PG,527.0,234.0,0.424,0.306,0.615,87.0,121.0,20.0,11.0,65.0,0.444
Dejounte Murray,29.0,NOP,PG,389.0,234.0,0.484,0.306,0.867,75.0,89.0,23.0,3.0,47.0,0.602
Gabe Vincent,29.0,2TM,PG,879.0,231.0,0.352,0.341,0.87,54.0,76.0,27.0,3.0,27.0,0.263
Dalton Knecht,24.0,LAL,SF,553.0,228.0,0.455,0.342,0.727,75.0,21.0,11.0,11.0,23.0,0.412
Caleb Martin,30.0,DAL,SF,856.0,227.0,0.45,0.351,0.607,143.0,81.0,40.0,15.0,40.0,0.265
Asa Newell,20.0,ATL,PF,500.0,227.0,0.538,0.387,0.552,96.0,26.0,16.0,15.0,23.0,0.454
Noah Penda,21.0,ORL,SF,757.0,227.0,0.404,0.323,0.688,187.0,70.0,30.0,18.0,42.0,0.3
Ethan Thompson,26.0,IND,SG,653.0,223.0,0.378,0.328,0.787,69.0,57.0,20.0,9.0,25.0,0.342
Tidjane Salaün,20.0,CHO,PF,575.0,222.0,0.503,0.434,0.65,149.0,27.0,16.0,7.0,26.0,0.386
Drew Eubanks,28.0,SAC,C,552.0,219.0,0.596,0.143,0.561,127.0,19.0,15.0,26.0,30.0,0.397
Jamal Cain,26.0,ORL,SF,486.0,215.0,0.487,0.384,0.848,78.0,29.0,11.0,4.0,19.0,0.442
Oscar Tshiebwe,26.0,UTA,C,448.0,211.0,0.634,,0.551,179.0,32.0,16.0,5.0,21.0,0.471
Dwight Powell,34.0,DAL,C,904.0,210.0,0.644,0.286,0.696,257.0,68.0,34.0,21.0,41.0,0.232
Tyus Jones,29.0,3TM,PG,979.0,199.0,0.349,0.292,0.778,76.0,159.0,37.0,3.0,25.0,0.203
Marcus Sasser,25.0,DET,PG,457.0,197.0,0.39,0.415,0.833,39.0,75.0,20.0,4.0,31.0,0.431
Cam Whitmore,21.0,WAS,SF,354.0,193.0,0.456,0.286,0.742,58.0,15.0,15.0,8.0,18.0,0.545
Jamison Battle,24.0,TOR,SF,517.0,192.0,0.51,0.412,0.643,89.0,24.0,7.0,3.0,19.0,0.371
Jahmai Mashack,23.0,MEM,SG,673.0,192.0,0.395,0.253,0.543,81.0,69.0,37.0,14.0,49.0,0.285
Zeke Nnaji,25.0,DEN,PF,626.0,190.0,0.47,0.259,0.773,136.0,29.0,17.0,24.0,27.0,0.304
Tyson Etienne,26.0,BRK,PG,380.0,189.0,0.4,0.398,0.833,27.0,40.0,11.0,0.0,16.0,0.497
Steven Adams,32.0,HOU,C,730.0,187.0,0.504,,0.58,276.0,48.0,22.0,20.0,35.0,0.256
Keaton Wallace,26.0,ATL,PG,536.0,186.0,0.398,0.373,0.667,56.0,94.0,24.0,5.0,28.0,0.347
Nick Smith Jr.,21.0,LAL,SG,375.0,185.0,0.435,0.395,0.733,23.0,31.0,9.0,2.0,21.0,0.493
Trayce Jackson-Davis,25.0,2TM,C,496.0,181.0,0.573,1.0,0.514,145.0,39.0,17.0,24.0,22.0,0.365
Johnny Furphy,21.0,IND,SG,643.0,180.0,0.47,0.324,0.486,153.0,41.0,20.0,7.0,29.0,0.28
Elijah Harkless,25.0,UTA,SG,545.0,178.0,0.335,0.239,0.766,53.0,75.0,31.0,6.0,26.0,0.327
Yanic Konan Niederhäuser,22.0,LAC,C,424.0,176.0,0.64,0.2,0.758,117.0,12.0,5.0,30.0,23.0,0.415
Dalen Terry,23.0,2TM,SG,551.0,176.0,0.439,0.364,0.533,86.0,66.0,29.0,15.0,26.0,0.319
Matisse Thybulle,28.0,POR,SG,480.0,174.0,0.433,0.398,0.84,59.0,27.0,60.0,16.0,28.0,0.362
Bogdan Bogdanović,33.0,LAC,SG,452.0,171.0,0.388,0.347,0.8,59.0,51.0,10.0,3.0,27.0,0.378
Taelon Peter,23.0,IND,SG,492.0,171.0,0.38,0.328,0.625,59.0,40.0,26.0,4.0,27.0,0.348
Moussa Cisse,23.0,DAL,C,530.0,170.0,0.574,,0.469,216.0,9.0,19.0,45.0,30.0,0.321
Blake Hinson,26.0,UTA,SF,285.0,167.0,0.513,0.468,0.75,33.0,16.0,5.0,2.0,5.0,0.586
Kennedy Chandler,23.0,UTA,PG,355.0,165.0,0.445,0.395,0.651,37.0,74.0,11.0,2.0,23.0,0.465
Doug McDermott,34.0,SAC,SF,439.0,164.0,0.388,0.39,0.889,37.0,22.0,6.0,4.0,13.0,0.374
Myron Gardner,24.0,MIA,SF,411.0,163.0,0.48,0.406,0.731,122.0,44.0,20.0,8.0,17.0,0.397
Cameron Payne,31.0,PHI,PG,374.0,163.0,0.376,0.33,0.864,44.0,58.0,24.0,7.0,11.0,0.436
Kam Jones,23.0,IND,SG,616.0,162.0,0.402,0.293,0.5,60.0,119.0,18.0,0.0,36.0,0.263
Tony Bradley,28.0,2TM,C,450.0,162.0,0.547,0.5,0.744,116.0,22.0,6.0,7.0,18.0,0.36
Lonzo Ball,28.0,CLE,PG,728.0,160.0,0.301,0.272,0.667,140.0,136.0,45.0,9.0,52.0,0.22
AJ Johnson,21.0,2TM,SG,454.0,160.0,0.324,0.211,0.85,55.0,47.0,11.0,3.0,30.0,0.352
Jeremy Sochan,22.0,2TM,PF,469.0,158.0,0.496,0.244,0.731,107.0,40.0,17.0,7.0,21.0,0.337
Cormac Ryan,27.0,MIL,SG,271.0,157.0,0.52,0.458,0.923,28.0,19.0,11.0,3.0,17.0,0.579
Joan Beringer,19.0,MIN,PF,314.0,156.0,0.663,,0.703,92.0,12.0,7.0,26.0,11.0,0.497
Cam Christie,20.0,LAC,SG,480.0,156.0,0.381,0.245,0.76,78.0,31.0,16.0,3.0,22.0,0.325
Julian Reese,22.0,WAS,PF,402.0,154.0,0.529,,0.636,137.0,24.0,18.0,8.0,32.0,0.383
Zach Edey,23.0,MEM,C,284.0,150.0,0.633,0.2,0.781,122.0,12.0,7.0,21.0,26.0,0.528
Amir Coffey,28.0,2TM,SG,490.0,149.0,0.487,0.347,0.786,57.0,27.0,9.0,5.0,9.0,0.304
LJ Cryer,24.0,GSW,PG,292.0,148.0,0.402,0.394,0.895,28.0,18.0,3.0,0.0,14.0,0.507
Blake Wesley,22.0,POR,SG,361.0,148.0,0.452,0.278,0.553,39.0,62.0,16.0,5.0,31.0,0.41
E.J. Liddell,25.0,BRK,PF,349.0,147.0,0.486,0.346,0.808,69.0,24.0,6.0,10.0,15.0,0.421
Julian Phillips,22.0,2TM,SF,428.0,140.0,0.421,0.308,0.783,49.0,10.0,22.0,7.0,11.0,0.327
Chaney Johnson,23.0,BRK,SF,348.0,139.0,0.543,0.3,0.8,79.0,36.0,15.0,9.0,20.0,0.399
Khaman Maluach,19.0,PHO,C,411.0,139.0,0.533,0.238,0.71,133.0,6.0,5.0,33.0,25.0,0.338
Keshad Johnson,24.0,MIA,SF,280.0,136.0,0.49,0.295,0.724,62.0,8.0,15.0,8.0,13.0,0.486
Jonathan Isaac,28.0,ORL,PF,521.0,134.0,0.422,0.184,0.603,132.0,22.0,20.0,31.0,18.0,0.257
Max Strus,29.0,CLE,SF,288.0,134.0,0.443,0.402,0.778,65.0,24.0,3.0,0.0,9.0,0.465
Kelly Olynyk,34.0,SAS,C,360.0,133.0,0.49,0.255,0.711,76.0,49.0,15.0,3.0,24.0,0.369
Liam McNeeley,20.0,CHO,SF,368.0,132.0,0.4,0.4,0.821,73.0,24.0,5.0,3.0,13.0,0.359
Larry Nance Jr.,33.0,CLE,PF,449.0,131.0,0.419,0.333,0.462,93.0,34.0,21.0,6.0,20.0,0.292
Tyler Burton,25.0,MEM,SF,307.0,129.0,0.375,0.333,0.852,50.0,12.0,11.0,4.0,11.0,0.42
Jae'Sean Tate,30.0,HOU,SF,405.0,129.0,0.514,0.313,0.636,73.0,25.0,10.0,3.0,16.0,0.319
Malaki Branham,22.0,WAS,SG,275.0,128.0,0.473,0.378,0.824,44.0,23.0,10.0,3.0,15.0,0.465
Gary Harris,31.0,MIL,SG,661.0,128.0,0.442,0.412,0.889,61.0,51.0,27.0,9.0,19.0,0.194
Killian Hayes,24.0,SAC,PG,406.0,127.0,0.304,0.27,0.929,54.0,81.0,21.0,4.0,28.0,0.313
Malachi Smith,26.0,BRK,SG,359.0,124.0,0.485,0.435,1.0,51.0,49.0,12.0,4.0,14.0,0.345
Dorian Finney-Smith,32.0,HOU,PF,620.0,123.0,0.333,0.27,0.889,93.0,36.0,16.0,6.0,22.0,0.198
Ron Harper Jr.,25.0,BOS,SF,318.0,123.0,0.418,0.35,0.75,48.0,22.0,10.0,9.0,8.0,0.387
Bronny James,21.0,LAL,SG,375.0,122.0,0.409,0.386,0.857,23.0,51.0,19.0,4.0,25.0,0.325
Bez Mbeng,22.0,UTA,SG,492.0,122.0,0.5,0.194,0.64,57.0,62.0,34.0,5.0,22.0,0.248
Ariel Hukporti,23.0,NYK,C,498.0,117.0,0.563,0.25,0.788,159.0,29.0,9.0,26.0,32.0,0.235
John Poulakidas,22.0,DAL,SG,253.0,115.0,0.429,0.403,0.857,30.0,11.0,7.0,4.0,4.0,0.455
Scotty Pippen Jr.,25.0,MEM,PG,212.0,114.0,0.448,0.313,0.783,22.0,47.0,19.0,4.0,27.0,0.538
Andre Jackson Jr.,24.0,MIL,SG,408.0,113.0,0.328,0.25,0.625,72.0,43.0,19.0,4.0,31.0,0.277
Nate Williams,26.0,GSW,SG,239.0,112.0,0.489,0.433,0.867,30.0,14.0,5.0,0.0,15.0,0.469
Pat Connaughton,33.0,CHO,SG,297.0,110.0,0.447,0.404,0.65,61.0,18.0,11.0,1.0,11.0,0.37
Leaky Black,26.0,WAS,SF,433.0,106.0,0.388,0.345,0.875,75.0,22.0,18.0,8.0,14.0,0.245
A.J. Lawson,25.0,TOR,SG,226.0,101.0,0.436,0.422,0.778,43.0,7.0,12.0,4.0,6.0,0.447
Jeremiah Robinson-Earl,25.0,2TM,PF,361.0,101.0,0.37,0.244,0.944,103.0,15.0,9.0,1.0,12.0,0.28
Dariq Whitehead,21.0,MEM,SF,183.0,98.0,0.398,0.317,0.714,24.0,9.0,4.0,0.0,10.0,0.536
Zach Collins,28.0,CHI,C,184.0,97.0,0.578,0.429,0.7,56.0,15.0,2.0,4.0,10.0,0.527
MarJon Beauchamp,25.0,PHI,SF,196.0,95.0,0.434,0.34,0.684,32.0,15.0,9.0,4.0,13.0,0.485
Yang Hansen,20.0,POR,C,300.0,95.0,0.31,0.119,0.824,66.0,22.0,3.0,10.0,32.0,0.317
Jalen Slawson,26.0,IND,SF,311.0,95.0,0.442,0.375,0.706,57.0,36.0,20.0,14.0,17.0,0.305
Lindy Waters III,28.0,SAS,SG,285.0,95.0,0.375,0.342,0.667,29.0,19.0,6.0,1.0,7.0,0.333
Duop Reath,29.0,POR,C,258.0,94.0,0.446,0.418,0.833,38.0,10.0,5.0,8.0,7.0,0.364
DaRon Holmes,23.0,DEN,PF,210.0,93.0,0.508,0.444,0.786,35.0,16.0,1.0,6.0,12.0,0.443
Drew Timme,25.0,LAL,PF,235.0,92.0,0.576,0.44,0.556,33.0,23.0,6.0,0.0,13.0,0.391
KJ Simpson,23.0,2TM,PG,257.0,91.0,0.343,0.3,0.611,37.0,43.0,16.0,0.0,25.0,0.354
Jordan McLaughlin,29.0,SAS,PG,282.0,89.0,0.418,0.425,0.857,32.0,38.0,20.0,2.0,15.0,0.316
Lachlan Olbrich,22.0,CHI,C,344.0,89.0,0.468,0.105,0.375,112.0,42.0,12.0,8.0,16.0,0.259
DeJon Jarreau,28.0,MEM,SG,231.0,88.0,0.398,0.133,0.783,51.0,36.0,10.0,8.0,26.0,0.381
Maxi Kleber,34.0,LAL,PF,461.0,86.0,0.452,0.231,0.538,84.0,27.0,18.0,11.0,17.0,0.187
PJ Hall,23.0,2TM,C,214.0,86.0,0.508,0.6,0.793,75.0,10.0,3.0,10.0,16.0,0.402
Adama-Alpha Bal,22.0,MEM,SG,241.0,83.0,0.412,0.409,0.9,25.0,19.0,9.0,1.0,6.0,0.344
Malevy Leons,26.0,GSW,SF,276.0,83.0,0.444,0.25,0.789,53.0,23.0,14.0,9.0,13.0,0.301
Chaz Lanier,24.0,DET,SG,262.0,80.0,0.315,0.284,0.833,23.0,17.0,7.0,0.0,3.0,0.305
Garrison Mathews,29.0,IND,SG,196.0,78.0,0.404,0.37,0.826,17.0,10.0,6.0,3.0,3.0,0.398
Charles Bassey,25.0,4TM,C,153.0,76.0,0.66,,0.7,57.0,7.0,4.0,11.0,6.0,0.497
RayJ Dennis,24.0,3TM,PG,206.0,74.0,0.313,0.311,0.889,26.0,33.0,4.0,4.0,17.0,0.359
Lucas Williamson,27.0,MEM,SG,224.0,73.0,0.333,0.283,1.0,38.0,18.0,11.0,1.0,10.0,0.326
Christian Koloko,25.0,3TM,C,357.0,73.0,0.419,0.111,0.667,81.0,18.0,14.0,23.0,16.0,0.204
Walker Kessler,24.0,UTA,C,154.0,72.0,0.703,0.75,0.7,54.0,15.0,7.0,9.0,16.0,0.468
Seth Curry,35.0,GSW,SG,133.0,71.0,0.49,0.48,0.917,12.0,10.0,3.0,0.0,2.0,0.534
Chris Youngblood,23.0,2TM,SG,185.0,71.0,0.349,0.333,0.9,28.0,12.0,4.0,3.0,2.0,0.384
JD Davison,23.0,HOU,PG,218.0,69.0,0.375,0.25,0.684,34.0,35.0,6.0,6.0,7.0,0.317
Brooks Barnhizer,23.0,OKC,SG,348.0,68.0,0.38,0.292,0.7,78.0,22.0,11.0,5.0,10.0,0.195
Jeff Green,39.0,HOU,PF,175.0,67.0,0.368,0.273,1.0,25.0,8.0,2.0,2.0,4.0,0.383
Mac McClung,27.0,2TM,SG,135.0,67.0,0.39,0.233,0.778,10.0,10.0,11.0,3.0,9.0,0.496
Isaiah Livers,27.0,PHO,PF,347.0,65.0,0.344,0.3,0.75,61.0,21.0,13.0,8.0,12.0,0.187
Yuki Kawamura,24.0,CHI,PG,209.0,62.0,0.327,0.297,0.895,33.0,47.0,9.0,0.0,14.0,0.297
Jonathan Mogbo,24.0,TOR,PF,249.0,61.0,0.591,0.0,0.643,68.0,25.0,11.0,8.0,14.0,0.245
Toby Okani,24.0,MEM,SG,217.0,60.0,0.357,0.29,0.125,21.0,6.0,4.0,3.0,3.0,0.276
Kevon Looney,29.0,NOP,C,308.0,59.0,0.417,0.154,0.7,118.0,34.0,9.0,10.0,9.0,0.192
Tolu Smith,25.0,DET,PF,137.0,56.0,0.5,,0.667,49.0,13.0,2.0,6.0,7.0,0.409
Tyler Smith,21.0,DAL,PF,166.0,56.0,0.42,0.286,0.667,33.0,5.0,6.0,0.0,6.0,0.337
DeAndre Jordan,37.0,NOP,C,199.0,53.0,0.656,,0.647,76.0,11.0,4.0,10.0,9.0,0.266
Nikola Topić,20.0,OKC,PG,160.0,52.0,0.431,0.4,0.4,19.0,44.0,5.0,0.0,25.0,0.325
Alijah Martin,24.0,TOR,SG,146.0,51.0,0.32,0.19,0.789,21.0,12.0,8.0,4.0,8.0,0.349
Kevin McCullar Jr.,24.0,NYK,SF,155.0,50.0,0.426,0.333,0.4,28.0,20.0,9.0,0.0,12.0,0.323
Bradley Beal,32.0,LAC,SG,121.0,49.0,0.375,0.368,0.75,5.0,10.0,3.0,0.0,9.0,0.405
Pacôme Dadiet,20.0,NYK,SG,136.0,48.0,0.333,0.219,0.818,27.0,12.0,3.0,1.0,3.0,0.353
Tre Scott,29.0,BRK,PF,182.0,48.0,0.38,0.316,0.667,31.0,10.0,8.0,5.0,4.0,0.264
Trey Alexander,22.0,NOP,SG,111.0,47.0,0.514,0.5,0.6,11.0,9.0,6.0,2.0,3.0,0.423
Thanasis Antetokounmpo,33.0,MIL,SF,148.0,47.0,0.469,0.0,0.567,30.0,15.0,13.0,6.0,10.0,0.318
Chris Paul,40.0,LAC,PG,228.0,47.0,0.321,0.333,0.5,28.0,53.0,11.0,0.0,16.0,0.206
Adou Thiero,21.0,LAL,SF,149.0,47.0,0.516,0.333,0.636,28.0,10.0,7.0,2.0,9.0,0.315
Kobe Bufkin,22.0,LAL,SG,119.0,46.0,0.3,0.192,0.917,13.0,10.0,2.0,3.0,5.0,0.387
Hunter Tyson,25.0,DEN,PF,162.0,46.0,0.269,0.212,0.846,36.0,17.0,2.0,1.0,5.0,0.284
Alondes Williams,26.0,WAS,SG,101.0,44.0,0.615,0.357,0.875,25.0,12.0,3.0,3.0,5.0,0.436
Xavier Tillman Sr.,27.0,2TM,C,183.0,44.0,0.435,0.167,0.25,43.0,13.0,9.0,5.0,8.0,0.24
Miles Kelly,23.0,DAL,PG,134.0,43.0,0.364,0.303,1.0,24.0,12.0,4.0,1.0,6.0,0.321
Joe Ingles,38.0,MIN,SF,153.0,41.0,0.593,0.438,1.0,19.0,34.0,9.0,2.0,14.0,0.268
Nigel Hayes-Davis,31.0,PHO,SF,195.0,34.0,0.326,0.125,0.5,33.0,7.0,8.0,2.0,8.0,0.174
Omer Yurtseven,27.0,GSW,C,104.0,34.0,0.423,0.0,0.667,30.0,8.0,2.0,1.0,9.0,0.327
Patrick Baldwin Jr.,23.0,3TM,SF,102.0,33.0,0.407,0.429,0.714,23.0,5.0,3.0,5.0,5.0,0.324
Mason Plumlee,35.0,2TM,C,172.0,31.0,0.786,,0.643,53.0,20.0,10.0,0.0,12.0,0.18
Dereck Lively II,21.0,DAL,C,115.0,30.0,0.611,,0.8,37.0,13.0,4.0,11.0,10.0,0.261
Amari Williams,24.0,BOS,PF,146.0,30.0,0.5,,0.714,40.0,10.0,3.0,10.0,11.0,0.205
Luke Travers,24.0,CLE,SG,103.0,28.0,0.25,0.063,1.0,24.0,9.0,7.0,4.0,3.0,0.272
Andersson Garcia,25.0,UTA,SF,169.0,26.0,0.31,0.077,0.778,42.0,14.0,8.0,4.0,7.0,0.154
Bismack Biyombo,33.0,SAS,C,141.0,23.0,0.6,,0.714,26.0,5.0,4.0,2.0,8.0,0.163
Kyle Lowry,39.0,PHI,PG,118.0,17.0,0.16,0.16,0.833,9.0,11.0,2.0,2.0,4.0,0.144
